Name;Math;Physics;Economy
Leo;7.666666666666667
Kate;8.333333333333334
Nate;5.666666666666667